3#ccc#ccc@ccc.com#Manager#ccc
4#ddd#ddd@ddd.com#Manager#ddd
7#Henrique#henrique.resende@gmail.com#Manager#abv
8#Guilherme Resende Sá#gresendesa@gmail.com#Manager#qwerty
9#RIcardo Pereira#ricardo.pereira@gmail.com#Manager#ricardo
10#fdsafdsaf#fdsafds#Manager#fdsafd
11#Guri#Mané#Manager#123
12#Tiozao#madeira#Manager#123
13#"fdsa#fdsafd#Manager#fdsa
14#Tomate#tomate@gmail.com#Manager#tomate
15#Tomate2#tomate2@gmail.com#Manager#tomate
16#Felipe Andrade#felipe.andrade@gmail.com#Manager#qwerty
17#fdsa#fdsa#Manager#fdsa
18#afdsa#fdsads#Manager#fdsad
19#uty#uytruy#Manager#uytr
20#iuytu#iuytuy#Manager#iuytuy
21#gtr#trre#Manager#trew
22#sacipererê#saci@sitio.do.picapauamarelo#Manager#donabenta
23#Raiane#raiane@email.com#Manager#raiane
24#Rômulo Weidz#romulowz@hotmail.com#Manager#romulo123